epoch,mape,mse
real,13.689499660557866,3.865325648038944
real+synth,3.5155982836254753,0.25275230057284964
