epoch,mape,mse
real,11.02298436,0.000730392
synth,12.63066267,0.000960258
