epoch,mape,mse
real,27.595986639682263,15.901157926001643
real+synth,10.381259976753658,2.180208968390761
