epoch,mape,mse
real,30.67383776213783,0.0042363232573169995
real+synth,100.0,0.04102151615337019
