epoch,mape,mse
real,41.79706222854444,0.0063473020950960786
synth,24.994242105718236,0.0009524718011301943
