epoch,mape,mse
real,81.6581137587863,0.0022084727210821237
real+synth,15.329348967920312,0.0003295692977686688
