epoch,mape,mse
real,84.43422635733864,0.0023379043283452807
synth,15.804206676797438,0.00035968523169087357
