epoch,mape,mse
real,43.12478618358458,0.06494655518959905
real+synth,9.468542675874115,0.00506333270842897
