epoch,mape,mse
real,27.52726434800677,0.02818894493320877
synth,8.626156316960024,0.003778465269026863
